ID;CODE;ISO_DIG;ISO_LAT3;NAME_RUS;NAME_COU;NAME_COU1;NAME_COU2;NAME_COU3;CB_DATE;CE_DATE
138;138;191;HRK;КУНА;ХОРВАТИЯ;;;;01.07.1995;18.06.1997
304;230;682;SAR;САУДОВСКИЙ РИЯЛ;САУДОВСКАЯ АРАВИЯ;;;;01.01.2001;31.12.2099
174;174;388;JMD;ЯМАЙСКИЙ ДОЛЛАР;ЯМАЙКА;;;;01.07.1995;31.12.2099
409;279;978;EUR;ЕВРО;"АВСТРИЯ; АНДОРРА; БЕЛЬГИЯ; ГВАДЕЛУПА; ГЕРМАНИЯ; ГРЕЦИЯ; ИРЛАНДИЯ; ИСПАНИЯ; ИТАЛИЯ; КИПР; ЛЮКСЕМБУРГ; МАЙОТТА; МАЛЬТА; МАРТИНИКА; МОНАКО; НИДЕРЛАНДЫ; ПАПСКИЙ ПРЕСТОЛ (ГОСУДАРСТВО - ГОРОД ВАТИКАН); ПОРТУГАЛИЯ; РЕЮНЬОН; САН-МАРИНО; СЕН-БАРТЕЛЕМИ; СЕН-МА";"РТЕН (ФРАНЦУЗСКАЯ ЧАСТЬ); СЕНТ-ПЬЕР И МИКЕЛОН; СЛОВАКИЯ; СЛОВЕНИЯ; ФИНЛЯНДИЯ; ФРАНЦИЯ; ФРАНЦУЗСКАЯ ГВИАНА; ФРАНЦУЗСКИЕ ЮЖНЫЕ ТЕРРИТОРИИ; ЧЕРНОГОРИЯ; ЭЛАНДСКИЕ ОСТРОВА; ЭСТОНИЯ";;;25.06.2012;31.12.2013
188;188;434;LYD;ЛИВИЙСКИЙ ДИНАР;ЛИВИЙСКАЯ АРАБСКАЯ ДЖАМАХИРИЯ;;;;01.07.1995;24.06.2012
410;305;936;GHS;ГАНСКИЙ СЕДИ;ГАНА;;;;25.06.2012;31.12.2099
135;135;180;ZRN;НОВЫЙ ЗАИР;ЗАИР;;;;01.07.1995;31.12.2000
209;209;533;AWG;АРУБАНСКИЙ ГУЛЬДЕН;АРУБА;;;;01.07.1995;15.01.2012
269;269;901;TWD;НОВЫЙ ТАЙВАНЬСКИЙ ДОЛЛАР;ТАЙВАНЬ, ПРОВИНЦИЯ КИТАЯ;;;;01.07.1995;31.12.2002
392;268;894;ZMK;ЗАМБИЙСКАЯ КВАЧА;ЗАМБИЯ;;;;07.09.2009;31.12.2012
353;257;810;RUR;ПРИЗНАК РОССИЙСКОГО РУБЛЯ;РОССИЯ;;;;01.01.2004;29.02.2004
115;115;060;BMD;БЕРМУДСКИЙ ДОЛЛАР;БЕРМУДСКИЕ ОСТРОВА;;;;01.07.1995;31.12.2002
319;115;060;BMD;БЕРМУДСКИЙ ДОЛЛАР;БЕРМУДЫ;;;;01.01.2003;31.12.2099
326;179;408;KPW;СЕВЕРО-КОРЕЙСКАЯ ВОНА;КОРЕЯ, НАРОДНО-ДЕМОКРАТИЧЕСКАЯ РЕСПУБЛИКА;;;;01.01.2003;31.10.2008
149;149;242;FJD;ДОЛЛАР ФИДЖИ;ФИДЖИ;;;;01.07.1995;31.12.2099
349;287;891;CSD;СЕРБСКИЙ ДИНАР;СЕРБИЯ И ЧЕРНОГОРИЯ;;;;01.01.2004;31.12.2006
361;105;031;AZM;АЗЕРБАЙДЖАНСКИЙ МАНАТ;АЗЕРБАЙДЖАН;;;;01.11.2005;31.12.2006
153;153;268;GEK;ГРУЗИНСКИЙ КУПОН;ГРУЗИЯ;;;;01.07.1995;31.10.1999
104;104;024;AON;НОВАЯ КВАНЗА;АНГОЛА;;;;01.07.1995;31.12.2000
145;145;222;SVC;САЛЬВАДОРСКИЙ КОЛОН;САЛЬВАДОР;;;;01.07.1995;31.12.2002
345;145;222;SVC;САЛЬВАДОРСКИЙ КОЛОН;ЭЛЬ-САЛЬВАДОР;;;;01.01.2003;31.12.2099
283;153;981;GEL;ЛАРИ;ГРУЗИЯ;;;;01.11.1999;31.12.2099
334;256;807;MKD;ДИНАР;МАКЕДОНИЯ, БЫВШАЯ ЮГОСЛАВСКАЯ РЕСПУБЛИКА;;;;01.01.2003;18.06.2006
275;275;960;XDR;СДР (СПЕЦИАЛЬНЫЕ ПРАВА ЗАИМСТВОВАНИЯ);МЕЖДУНАРОДНЫЙ ВАЛЮТНЫЙ ФОНД;;;;01.07.1995;31.12.2002
108;108;040;ATS;ШИЛЛИНГ;АВСТРИЯ;;;;01.07.1995;31.12.2002
260;260;834;TZS;ТАНЗАНИЙСКИЙ ШИЛЛИНГ;ТАНЗАНИЯ,  ЕДИНАЯ РЕСПУБЛИКА;;;;01.07.1995;31.12.2002
441;321;926;VED;БОЛИВАР СОБЕРАНО;ВЕНЕСУЭЛА (БОЛИВАРИАНСКАЯ РЕСПУБЛИКА);;;;01.01.2022;31.12.2099
436;316;928;VES;БОЛИВАР СОБЕРАНО;ВЕНЕСУЭЛА (БОЛИВАРИАНСКАЯ РЕСПУБЛИКА);;;;07.11.2018;31.12.2021
391;264;862;VEB;БОЛИВАР;ВЕНЕСУЭЛА (БОЛИВАРИАНСКАЯ РЕСПУБЛИКА);;;;07.09.2009;15.11.2009
438;243;748;SZL;ЛИЛАНГЕНИ;ЭСВАТИНИ;;;;07.11.2018;31.12.2099
179;179;408;KPW;СЕВЕРО-КОРЕЙСКАЯ ВОНА;КОРЕЯ, ДЕМОКРАТИЧЕСКАЯ НАРОДНАЯ РЕСПУБЛИКА;;;;01.07.1995;31.12.2002
205;205;516;NAD;ДОЛЛАР НАМИБИИ;НАМИБИЯ;;;;01.07.1995;31.12.2099
198;198;480;MUR;МАВРИКИЙСКАЯ РУПИЯ;МАВРИКИЙ;;;;01.07.1995;31.12.2099
103;103;020;ADP;АНДОРРСКАЯ ПЕСЕТА;АНДОРРА;;;;01.07.1995;30.06.2001
221;221;616;PLZ;ЗЛОТЫЙ;ПОЛЬША;;;;01.07.1995;31.10.1999
200;200;496;MNT;ТУГРИК;МОНГОЛИЯ;;;;01.07.1995;31.12.2099
143;143;214;DOP;ДОМИНИКАНСКОЕ ПЕСО;ДОМИНИКАНСКАЯ РЕСПУБЛИКА;;;;01.07.1995;31.12.2099
206;206;524;NPR;НЕПАЛЬСКАЯ РУПИЯ;НЕПАЛ;;;;01.07.1995;31.12.2099
208;208;532;ANG;НИДЕРЛАНДСКИЙ АНТИЛЬСКИЙ ГУЛЬДЕН;НИДЕРЛАНДСКИЕ АНТИЛЬСКИЕ ОСТРОВА;;;;01.07.1995;31.12.2002
329;208;532;ANG;НИДЕРЛАНДСКИЙ АНТИЛЬСКИЙ ГУЛЬДЕН;НИДЕРЛАНДСКИЕ АНТИЛЫ;;;;01.01.2003;30.06.2011
170;170;368;IQD;ИРАКСКИЙ ДИНАР;"ИРАК; НЕЙТРАЛЬНАЯ ЗОНА(МЕЖДУ САУДОВСКОЙ АРАВИЕЙ И ИРАКОМ)";;;;01.07.1995;31.12.2000
306;170;368;IQD;ИРАКСКИЙ ДИНАР;ИРАК;;;;01.01.2001;31.12.2099
240;240;724;ESP;ИСПАНСКАЯ ПЕСЕТА;"АНДОРРА; ИСПАНИЯ";;;;01.07.1995;31.12.2002
192;192;450;MGF;МАЛАГАСИЙСКИЙ ФРАНК;МАДАГАСКАР;;;;01.07.1995;31.12.2004
229;229;678;STD;ДОБРА;САН-ТОМЕ И ПРИНСИПИ;;;;01.07.1995;31.03.2018
346;261;840;USD;ДОЛЛАР США;"АМЕРИКАНСКОЕ САМОА; БРИТАНСКАЯ ТЕРРИТОРИЯ В ИНДИЙСКОМ ОКЕАНЕ; ВИРГИНСКИЕ ОСТРОВА (БРИТАНСКИЕ); ВИРГИНСКИЕ ОСТРОВА (США); ГАИТИ; ГУАМ; МАЛЫЕ ТИХООКЕАНСКИЕ ОТДАЛЕННЫЕ  ОСТРОВА СОЕДИНЕННЫХ ШТАТОВ; МАРШАЛЛОВЫ ОСТРОВА; МИКРОНЕЗИЯ, ФЕДЕРАТИВНЫЕ ШТАТЫ; ОСТР";"ОВА ТЕРКС И КАЙКОС; ПАЛАУ; ПАНАМА; ПУЭРТО-РИКО; СЕВЕРНЫЕ МАРИАНСКИЕ ОСТРОВА; СОЕДИНЕННЫЕ ШТАТЫ; ТИМОР-ЛЕСТЕ; ЭКВАДОР; ЭЛЬ-САЛЬВАДОР";;;01.06.2003;30.06.2011
262;262;858;UYP;УРУГВАЙСКОЕ ПЕСО;УРУГВАЙ;;;;01.07.1995;31.10.1999
118;118;072;BWP;ПУЛА;БОТСВАНА;;;;01.07.1995;31.12.2099
263;263;860;UZS;УЗБЕКСКИЙ СУМ;УЗБЕКИСТАН;;;;17.03.1997;31.12.2099
127;127;124;CAD;КАНАДСКИЙ ДОЛЛАР;КАНАДА;;;;01.07.1995;31.12.2099
315;272;952;XOF;ФРАНК КФА ВСЕАО;"БЕНИН;  БУРКИНА-ФАСО; КОТ-Д'ИВУАР; МАЛИ; НИГЕР; СЕНЕГАЛ; ТОГО";;;;01.07.1995;31.12.2000
265;265;882;WST;ТАЛА;САМОА;;;;01.07.1995;31.12.2099
250;250;780;TTD;ДОЛЛАР ТРИНИДАДА И ТОБАГО;ТРИНИДАД И ТОБАГО;;;;01.07.1995;31.12.2099
238;238;710;ZAR;РЭНД;"ЛЕСОТО; НАМИБИЯ; ЮЖНАЯ АФРИКА";;;;01.07.1995;31.12.2099
259;259;826;GBP;ФУНТ СТЕРЛИНГОВ;СОЕДИНЕННОЕ КОРОЛЕВСТВО (ВЕЛИКОБРИТАНИЯ);;;;01.07.1995;31.12.2002
183;183;418;LAK;КИП;ЛАОС, НАРОДНАЯ ДЕМОКРАТИЧЕСКАЯ РЕСПУБЛИКА;;;;01.07.1995;31.12.2002
350;279;978;EUR;ЕВРО;"АВСТРИЯ; АНДОРРА; БЕЛЬГИЯ; ГВАДЕЛУПА; ГЕРМАНИЯ; ГРЕЦИЯ; ИРЛАНДИЯ; ИСПАНИЯ; ИТАЛИЯ; ЛЮКСЕМБУРГ; МАЙОТТА; МАРТИНИКА; МОНАКО; НИДЕРЛАНДЫ; ПАПСКИЙ ПРЕСТОЛ (ГОСУДАРСТВО - ГОРОД ВАТИКАН); ПОРТУГАЛИЯ; РЕЮНЬОН; САН-МАРИНО; СЕНТ-ПЬЕР И МИКЕЛОН; СЕРБИЯ И ЧЕРНО";"ГОРИЯ; ФИНЛЯНДИЯ; ФРАНЦИЯ; ФРАНЦУЗСКАЯ ГВИАНА; ФРАНЦУЗСКИЕ ЮЖНЫЕ ТЕРРИТОРИИ";;;01.01.2004;31.12.2006
415;306;937;VEF;БОЛИВАР;ВЕНЕСУЭЛА;;;;01.01.2013;31.07.2016
184;184;422;LBP;ЛИВАНСКИЙ ФУНТ;ЛИВАН;;;;01.07.1995;31.12.2099
228;228;654;SHP;ФУНТ ОСТРОВА СВЯТОЙ ЕЛЕНЫ;ОСТРОВ СВЯТОЙ ЕЛЕНЫ;;;;01.07.1995;31.12.2002
331;228;654;SHP;ФУНТ СВЯТОЙ ЕЛЕНЫ;СВЯТАЯ ЕЛЕНА;;;;01.01.2003;31.08.2010
402;228;654;SHP;ФУНТ СВЯТОЙ ЕЛЕНЫ;СВЯТАЯ ЕЛЕНА,ОСТРОВ ВОЗНЕСЕНИЯ, ТРИСТАН - ДА - КУНЬЯ;;;;01.09.2010;31.12.2099
134;134;174;KMF;ФРАНК КОМОРСКИХ ОСТРОВОВ;КОМОРСКИЕ ОСТРОВА;;;;01.07.1995;31.12.2002
136;136;188;CRC;КОСТАРИКАНСКИЙ КОЛОН;КОСТА-РИКА;;;;01.07.1995;09.08.2017
325;148;238;FKP;ФУНТ ФОЛКЛЕНДСКИХ ОСТРОВОВ;ФОЛКЛЕНДСКИЕ ОСТРОВА (МАЛЬВИНСКИЕ);;;;01.01.2003;31.12.2099
323;134;174;KMF;ФРАНК КОМОР;КОМОРЫ;;;;01.01.2003;30.11.2017
178;178;404;KES;КЕНИЙСКИЙ ШИЛЛИНГ;КЕНИЯ;;;;01.07.1995;31.12.2099
266;266;886;YER;ЙЕМЕНСКИЙ РИАЛ;ЙЕМЕН;;;;01.07.1995;31.12.2099
407;311;728;SSP;ЮЖНОСУДАНСКИЙ ФУНТ;ЮЖНЫЙ СУДАН;;;;16.01.2012;31.12.2099
150;150;246;FIM;МАРКА;ФИНЛЯНДИЯ;;;;01.07.1995;31.12.2002
231;231;690;SCR;СЕЙШЕЛЬСКАЯ РУПИЯ;СЕЙШЕЛЬСКИЕ ОСТРОВА;;;;01.07.1995;31.12.2002
261;261;840;USD;ДОЛЛАР США;"АМЕРИКАНСКОЕ САМОА; БРИТАНСКАЯ ТЕРРИТОРИЯ В ИНДИЙСКОМ ОКЕАНЕ; ВИРГИНСКИЕ ОСТРОВА (БРИТАНСКИЕ); ВИРГИНСКИЕ ОСТРОВА (США); ГАИТИ; ГУАМ; МАЛЫЕ ТИХООКЕАНСКИЕ ОТДАЛЕННЫЕ  ОСТРОВА США; МАРШАЛЛОВЫ ОСТРОВА; МИКРОНЕЗИЯ; ПАЛАУ; ПАНАМА; ПУЭРТО-РИКО; СЕВЕРНЫЕ МА";"РИАНСКИЕ ОСТРОВА; СОЕДИНЕННЫЕ ШТАТЫ АМЕРИКИ (США); ТЕРКС И КАЙКОС, ОСТРОВА";;;01.07.1995;31.12.2002
102;102;012;DZD;АЛЖИРСКИЙ ДИНАР;АЛЖИР;;;;01.07.1995;31.12.2099
165;165;348;HUF;ФОРИНТ;ВЕНГРИЯ;;;;01.07.1995;31.12.2099
212;212;558;NIO;ЗОЛОТАЯ КОРДОБА;НИКАРАГУА;;;;01.07.1995;31.12.2099
371;279;978;EUR;ЕВРО;"АВСТРИЯ; АНДОРРА; БЕЛЬГИЯ; ГВАДЕЛУПА; ГЕРМАНИЯ; ГРЕЦИЯ; ИРЛАНДИЯ; ИСПАНИЯ; ИТАЛИЯ; ЛЮКСЕМБУРГ; МАЙОТТА; МАРТИНИКА; МОНАКО; НИДЕРЛАНДЫ; ПАПСКИЙ ПРЕСТОЛ (ГОСУДАРСТВО - ГОРОД ВАТИКАН); ПОРТУГАЛИЯ; РЕЮНЬОН; САН-МАРИНО; СЕНТ-ПЬЕР И МИКЕЛОН; СЛОВЕНИЯ; ФИНЛ";"ЯНДИЯ; ФРАНЦИЯ; ФРАНЦУЗСКАЯ ГВИАНА; ФРАНЦУЗСКИЕ ЮЖНЫЕ ТЕРРИТОРИИ; ЧЕРНОГОРИЯ";;;01.01.2007;31.12.2007
117;117;068;BOB;БОЛИВИАНО;БОЛИВИЯ;;;;01.07.1995;06.09.2009
343;275;960;XDR;СДР (СПЕЦИАЛЬНЫЕ ПРАВА ЗАИМСТВОВАНИЯ);МЕЖДУНАРОДНЫЙ ВАЛЮТНЫЙ ФОНД (МВФ);;;;01.01.2003;31.12.2099
273;273;953;XPF;ФРАНК КФП;"ФРАНЦУЗСКАЯ ПОЛИНЕЗИЯ; НОВАЯ КАЛЕДОНИЯ; УОЛЛИС И ФУТУНА, ОСТРОВА";;;;01.07.1995;31.12.2002
239;239;716;ZWD;ДОЛЛАР ЗИМБАБВЕ;ЗИМБАБВЕ;;;;01.07.1995;29.11.2006
305;181;414;KWD;КУВЕЙТСКИЙ ДИНАР;КУВЕЙТ;;;;01.01.2001;31.12.2099
246;246;760;SYP;СИРИЙСКИЙ ФУНТ;СИРИЙСКАЯ АРАБСКАЯ РЕСПУБЛИКА;;;;01.07.1995;31.12.2099
364;298;944;AZN;АЗЕРБАЙДЖАНСКИЙ МАНАТ;АЗЕРБАЙДЖАН;;;;01.01.2006;31.12.2099
328;201;498;MDL;МОЛДАВСКИЙ ЛЕЙ;МОЛДОВА, РЕСПУБЛИКА;;;;01.01.2003;31.12.2099
146;146;230;ETB;ЭФИОПСКИЙ БЫР;ЭФИОПИЯ;;;;01.07.1995;31.12.2099
356;192;450;MGF;МАЛАГАСИЙСКИЙ ФРАНК;МАДАГАСКАР;;;;01.01.2005;31.12.2006
400;296;946;RON;НОВЫЙ ЛЕЙ;РУМЫНИЯ;;;;16.11.2009;24.06.2012
412;296;946;RON;НОВЫЙ РУМЫНСКИЙ ЛЕЙ;РУМЫНИЯ;;;;25.06.2012;06.09.2015
375;304;938;SDG;СУДАНСКИЙ ФУНТ;СУДАН;;;;01.05.2007;31.12.2099
374;241;736;SDD;СУДАНСКИЙ ДИНАР;СУДАН;;;;01.05.2007;16.09.2007
290;280;974;BYR;БЕЛОРУССКИЙ РУБЛЬ;БЕЛАРУСЬ;;;;01.01.2000;30.06.2016
311;193;454;MWK;КВАЧА;МАЛАВИ;;;;01.07.2001;31.07.2016
157;157;292;GIP;ГИБРАЛТАРСКИЙ ФУНТ;ГИБРАЛТАР;;;;01.07.1995;31.12.2099
258;258;818;EGP;ЕГИПЕТСКИЙ ФУНТ;ЕГИПЕТ;;;;01.07.1995;31.12.2099
172;172;376;ILS;ШЕКЕЛЬ;ИЗРАИЛЬ;;;;01.07.1995;31.12.2000
109;109;044;BSD;БАГАМСКИЙ ДОЛЛАР;БАГАМСКИЕ ОСТРОВА;;;;01.07.1995;31.12.2002
216;216;590;PAB;БАЛЬБОА;ПАНАМА;;;;01.07.1995;31.12.2099
431;183;418;LAK;ЛАОССКИЙ КИП;ЛАОС;;;;01.12.2017;19.08.2018
320;120;090;SBD;ДОЛЛАР СОЛОМОНОВЫХ ОСТРОВОВ;СОЛОМОНОВЫ ОСТРОВА;;;;01.01.2003;31.12.2099
106;106;032;ARS;АРГЕНТИНСКОЕ ПЕСО;АРГЕНТИНА;;;;01.07.1995;31.12.2099
207;207;528;NLG;НИДЕРЛАНДСКИЙ ГУЛЬДЕН;НИДЕРЛАНДЫ;;;;01.07.1995;31.12.2002
378;279;978;EUR;ЕВРО;"АВСТРИЯ; АНДОРРА; БЕЛЬГИЯ; ГВАДЕЛУПА; ГЕРМАНИЯ; ГРЕЦИЯ; ИРЛАНДИЯ; ИСПАНИЯ; ИТАЛИЯ; КИПР; ЛЮКСЕМБУРГ; МАЙОТТА; МАЛЬТА; МАРТИНИКА; МОНАКО; НИДЕРЛАНДЫ; ПАПСКИЙ ПРЕСТОЛ (ГОСУДАРСТВО - ГОРОД ВАТИКАН); ПОРТУГАЛИЯ; РЕЮНЬОН; САН-МАРИНО; СЕНТ-ПЬЕР И МИКЕЛОН;С";"ЛОВЕНИЯ; ФИНЛЯНДИЯ; ФРАНЦИЯ; ФРАНЦУЗСКАЯ ГВИАНА; ФРАНЦУЗСКИЕ ЮЖНЫЕ ТЕРРИТОРИИ; ЧЕРНОГОРИЯ";;;01.01.2008;31.12.2008
393;306;937;VEF;БОЛИВАР ФУЭРТЕ;ВЕНЕСУЭЛА, БОЛИВАРИАНСКАЯ РЕСПУБЛИКА;;;;07.09.2009;31.12.2012
444;251;784;AED;ДИРХАМ ОАЭ;ОБЪЕДИНЕННЫЕ АРАБСКИЕ ЭМИРАТЫ;;;;01.08.2022;31.12.2099
312;251;784;AED;ДИРХАМ (ОАЭ);ОБЪЕДИНЕННЫЕ АРАБСКИЕ ЭМИРАТЫ (ОАЭ);;;;01.07.2001;31.07.2022
445;256;807;MKD;ДЕНАР;СЕВЕРНАЯ МАКЕДОНИЯ;;;;01.08.2022;31.12.2099
365;256;807;MKD;ДЕНАР;МАКЕДОНИЯ, БЫВШАЯ ЮГОСЛАВСКАЯ РЕСПУБЛИКА;;;;19.06.2006;31.07.2022
215;215;586;PKR;ПАКИСТАНСКАЯ РУПИЯ;ПАКИСТАН;;;;01.07.1995;31.12.2099
185;185;426;LSL;ЛОТИ;ЛЕСОТО;;;;01.07.1995;31.12.2099
268;268;894;ZMK;КВАЧА (ЗАМБИЙСКАЯ);ЗАМБИЯ;;;;01.07.1995;31.12.2002
100;100;004;AFA;АФГАНИ;АФГАНИСТАН;;;;01.07.1995;31.05.2003
434;315;929;MRU;УГИЯ;МАВРИТАНИЯ;;;;28.05.2018;31.12.2099
294;284;976;CDF;КОНГОЛЕЗСКИЙ ФРАНК;КОНГО, ДЕМОКРАТИЧЕСКАЯ РЕСПУБЛИКА;;;;01.01.2001;31.12.2099
299;286;643;RUB;РОССИЙСКИЙ РУБЛЬ;РОССИЯ;;;;01.01.2001;31.12.2003
348;286;643;RUB;РОССИЙСКИЙ РУБЛЬ;РОССИЯ;;;;01.01.2004;31.12.2099
194;194;458;MYR;МАЛАЙЗИЙСКИЙ РИНГГИТ;МАЛАЙЗИЯ;;;;01.07.1995;31.12.2099
337;261;840;USD;ДОЛЛАР США;"АМЕРИКАНСКОЕ САМОА; БРИТАНСКАЯ ТЕРРИТОРИЯ В ИНДИЙСКОМ ОКЕАНЕ; ВИРГИНСКИЕ ОСТРОВА (БРИТАНСКИЕ); ВИРГИНСКИЕ ОСТРОВА (США); ВОСТОЧНЫЙ ТИМОР; ГАИТИ; ГУАМ; МАЛЫЕ ТИХООКЕАНСКИЕ ОТДАЛЕННЫЕ  ОСТРОВА СОЕДИНЕННЫХ ШТАТОВ; МАРШАЛЛОВЫ ОСТРОВА; МИКРОНЕЗИЯ, ФЕДЕРАТ";"ИВНЫЕ ШТАТЫ; ОСТРОВА ТЕРКС И КАЙКОС; ПАЛАУ; ПАНАМА; ПУЭРТО-РИКО; СЕВЕРНЫЕ МАРИАНСКИЕ ОСТРОВА; СОЕДИНЕННЫЕ ШТАТЫ; ЭКВАДОР; ЭЛЬ-САЛЬВАДОР";;;01.01.2003;31.05.2003
380;196;470;MTL;МАЛЬТИЙСКАЯ ЛИРА;МАЛЬТА;;;;01.01.2008;31.08.2008
295;132;156;CNY;ЮАНЬ РЕНМИНБИ;КИТАЙ;;;;01.01.2001;31.12.2006
370;132;156;CNY;ЮАНЬ ЖЭНЬМИНЬБИ;КИТАЙ;;;;01.01.2007;06.09.2009
288;221;985;PLN;ЗЛОТЫЙ;ПОЛЬША;;;;01.11.1999;31.12.2099
270;270;950;XAF;ФРАНК КФА ВЕАС;"ГАБОН; КАМЕРУН; КОНГО; ЦЕНРАЛЬНО-АФРИКАНСКАЯ  РЕСПУБЛИКА; ЧАД; ЭКВАТОРИАЛЬНАЯ  ГВИНЕЯ";;;;01.07.1995;31.12.2002
439;280;974;BYR;БЕЛОРУССКИЙ РУБЛЬ;БЕЛАРУСЬ;;;;01.07.2016;31.12.2019
309;176;398;KZT;ТЕНГЕ;КАЗАХСТАН;;;;01.07.2001;31.12.2099
390;117;068;BOB;БОЛИВИАНО;БОЛИВИЯ, МНОГОНАЦИОНАЛЬНОЕ ГОСУДАРСТВО;;;;07.09.2009;31.12.2099
163;163;340;HNL;ЛЕМПИРА;ГОНДУРАС;;;;01.07.1995;31.12.2099
251;251;784;AED;ДИРХАМ;ОБЪЕДИНЕННЫЕ АРАБСКИЕ ЭМИРАТЫ (ОАЭ);;;;01.07.1995;30.06.2001
129;129;136;KYD;ДОЛЛАР КАЙМАНОВЫХ ОСТРОВОВ;КАЙМАН;;;;01.07.1995;31.12.2002
440;316;928;VES;БОЛИВАР СОБЕРАНО;ВЕНЕСУЭЛА (БОЛИВАРИАНСКАЯ РЕСПУБЛИКА);;;;01.01.2022;31.12.2099
442;323;925;SLE;ЛЕОНЕ;СЬЕРРА-ЛЕОНЕ;;;;01.07.2022;31.12.2099
232;232;694;SLL;ЛЕОНЕ;СЬЕРРА-ЛЕОНЕ;;;;01.07.1995;30.06.2022
443;232;694;SLL;ЛЕОНЕ;СЬЕРРА-ЛЕОНЕ;;;;01.07.2022;30.09.2022
420;138;191;HRK;КУНА;ХОРВАТИЯ;;;;07.09.2015;31.12.2022
419;279;978;EUR;ЕВРО;"АВСТРИЯ; АНДОРРА; БЕЛЬГИЯ; ГВАДЕЛУПА; ГЕРМАНИЯ; ГРЕЦИЯ; ИРЛАНДИЯ; ИСПАНИЯ; ИТАЛИЯ; КИПР; ЛАТВИЯ; ЛИТВА; ЛЮКСЕМБУРГ; МАЙОТТА; МАЛЬТА; МАРТИНИКА; МОНАКО; НИДЕРЛАНДЫ; ПАПСКИЙ ПРЕСТОЛ (ГОСУДАРСТВО-ГОРОД ВАТИКАН); ПОРТУГАЛИЯ; РЕЮНЬОН; САН-МАРИНО; СЕН-БАРТ";"ЕЛЕМИ; СЕН-МАРТЕН; СЕНТ-ПЬЕР И МИКЕЛОН; СЛОВАКИЯ; СЛОВЕНИЯ; ФИНЛЯНДИЯ; ФРАНЦИЯ; ФРАНЦУЗСКАЯ ГВИАНА; ФРАНЦУЗСКИЕ ЮЖНЫЕ ТЕРРИТОРИИ; ЧЕРНОГОРИЯ; ЭЛАНДСКИЕ ОСТРОВА; ЭСТОНИЯ";;;01.01.2015;31.12.2022
447;138;191;HRK;КУНА;ХОРВАТИЯ;;;;01.01.2023;31.12.2099
448;279;978;EUR;ЕВРО;"АВСТРИЯ; АНДОРРА; БЕЛЬГИЯ; ГВАДЕЛУПА; ГЕРМАНИЯ; ГРЕЦИЯ; ИРЛАНДИЯ; ИСПАНИЯ; ИТАЛИЯ; КИПР; ЛАТВИЯ; ЛИТВА; ЛЮКСЕМБУРГ; МАЙОТТА; МАЛЬТА; МАРТИНИКА; МОНАКО; НИДЕРЛАНДЫ; ПАПСКИЙ ПРЕСТОЛ (ГОСУДАРСТВО-ГОРОД ВАТИКАН); ПОРТУГАЛИЯ; РЕЮНЬОН; САН-МАРИНО; СЕН-БАРТ";"ЕЛЕМИ; СЕН-МАРТЕН; СЕНТ-ПЬЕР И МИКЕЛОН; СЛОВАКИЯ; СЛОВЕНИЯ; ФИНЛЯНДИЯ; ФРАНЦИЯ; ФРАНЦУЗСКАЯ ГВИАНА; ФРАНЦУЗСКИЕ ЮЖНЫЕ ТЕРРИТОРИИ; ХОРВАТИЯ; ЧЕРНОГОРИЯ; ЭЛАНДСКИЕ ОСТРОВА; ЭСТОНИЯ";;;01.01.2023;31.12.2099
317;107;036;AUD;АВСТРАЛИЙСКИЙ ДОЛЛАР;"АВСТРАЛИЯ; КИРИБАТИ; КОКОСОВЫЕ (КИЛИНГ) ОСТРОВА; НАУРУ; ОСТРОВ НОРФОЛК; ОСТРОВ РОЖДЕСТВА; ОСТРОВ ХЕРД И ОСТРОВА МАКДОНАЛЬД; ТУВАЛУ";;;;01.01.2003;31.12.2099
234;234;703;SKK;СЛОВАЦКАЯ КРОНА;СЛОВАКИЯ;;;;01.07.1995;31.12.2008
369;239;716;ZWD;ДОЛЛАР ЗИМБАБВЕ;ЗИМБАБВЕ;;;;30.11.2006;31.12.2008
213;213;566;NGN;НАЙРА;НИГЕРИЯ;;;;01.07.1995;31.12.2099
405;208;532;ANG;НИДЕРЛАНДСКИЙ АНТИЛЬСКИЙ ГУЛЬДЕН;"КЮРАСАО; СЕН-МАРТЕН (НИДЕРЛАНДСКАЯ ЧАСТЬ)";;;;01.07.2011;31.12.2099
254;254;795;TMM;МАНАТ;ТУРКМЕНИЯ;;;;01.07.1995;31.12.2008
297;247;762;TJR;ТАДЖИКСКИЙ РУБЛ;ТАДЖИКИСТАН;;;;17.03.1997;30.06.2001
147;147;233;EEK;КРОНА;ЭСТОНИЯ;;;;01.07.1995;31.12.2010
101;101;008;ALL;ЛЕК;АЛБАНИЯ;;;;01.07.1995;31.12.2099
360;296;946;RON;НОВЫЙ РУМЫНСКИЙ ЛЕЙ;РУМЫНИЯ;;;;01.07.2005;15.11.2009
321;121;096;BND;БРУНЕЙСКИЙ ДОЛЛАР;БРУНЕЙ-ДАРУССАЛАМ;;;;01.01.2003;31.12.2099
126;126;116;KHR;РИЕЛЬ;КАМБОДЖА;;;;01.07.1995;31.12.2099
241;241;736;SDD;СУДАНСКИЙ ДИНАР;СУДАН;;;;01.07.1995;30.04.2007
285;199;484;MXN;МЕКСИКАНСКОЕ ПЕСО;МЕКСИКА;;;;01.11.1999;31.12.2099
401;279;978;EUR;ЕВРО;"АВСТРИЯ; АНДОРРА; БЕЛЬГИЯ; ГВАДЕЛУПА; ГЕРМАНИЯ; ГРЕЦИЯ; ИРЛАНДИЯ; ИСЛАНДИЯ; ИСПАНИЯ; ИТАЛИЯ; КИПР; ЛЮКСЕМБУРГ; МАЙОТТА; МАЛЬТА; МАРТИНИКА; МОНАКО; НИДЕРЛАНДЫ; ПАПСКИЙ ПРЕСТОЛ (ГОСУДАРСТВО - ГОРОД ВАТИКАН); ПОРТУГАЛИЯ; РЕЮНЬОН; САН-МАРИНО; СЕН-БАРТЕЛЕ";"МИ; СЕН-МАРТЕН; СЕНТ-ПЬЕР И МИКЕЛОН; СЛОВАКИЯ; СЛОВЕНИЯ; ФИНЛЯНДИЯ; ФРАНЦИЯ; ФРАНЦУЗСКАЯ ГВИАНА; ФРАНЦУЗСКИЕ ЮЖНЫЕ ТЕРРИТОРИИ; ЧЕРНОГОРИЯ";;;16.11.2009;31.12.2010
131;131;152;CLP;ЧИЛИЙСКОЕ ПЕСО;ЧИЛИ;;;;01.07.1995;31.12.2099
211;211;554;NZD;НОВОЗЕЛАНДСКИЙ ДОЛЛАР;"НИУЭ; НОВАЯ ЗЕЛАНДИЯ; ОСТРОВА КУКА; ПИТКЕРН; ТОКЕЛАУ";;;;01.07.1995;31.12.2099
244;244;752;SEK;ШВЕДСКАЯ КРОНА;ШВЕЦИЯ;;;;01.07.1995;31.12.2099
271;271;951;XCD;ВОСТОЧНО-КАРИБСКИЙ ДОЛЛАР;"АНГИЛЬЯ; АНТИГУА И БАРБУДА; ГРЕНАДА; ДОМИНИКА; МОНТСЕРРАТ; СЕНТ-ВИНСЕНТ И ГРЕНАДИНЫ; СЕНТ-КИТС И НЕВИС; СЕНТ-ЛЮСИЯ";;;;01.07.1995;31.12.2099
219;219;604;PEN;НОВЫЙ СОЛЬ;ПЕРУ;;;;01.07.1995;31.07.2016
276;276;980;UAH;ГРИВНА;УКРАИНА;;;;17.03.1997;31.12.2099
414;312;967;ZMW;ЗАМБИЙСКАЯ КВАЧА;ЗАМБИЯ;;;;01.01.2013;31.12.2099
124;124;108;BIF;БУРУНДИЙСКИЙ ФРАНК;БУРУНДИ;;;;01.07.1995;31.12.2099
286;255;800;UGX;УГАНДИЙСКИЙ ШИЛЛИНГ;УГАНДА;;;;01.11.1999;31.12.2099
169;169;364;IRR;ИРАНСКИЙ РИАЛ;ИРАН, ИСЛАМСКАЯ РЕСПУБЛИКА;;;;01.07.1995;31.12.2099
177;177;400;JOD;ИОРДАНСКИЙ ДИНАР;ИОРДАНИЯ;;;;01.07.1995;31.12.2099
359;226;642;ROL;СТАРЫЙ РУМЫНСКИЙ ЛЕЙ;РУМЫНИЯ;;;;01.07.2005;31.10.2005
362;297;945;AYM;АЗЕРБАЙДЖАНСКИЙ МАНАТ;АЗЕРБАЙДЖАН;;;;01.11.2005;31.12.2005
298;285;232;ERN;НАКФА;ЭРИТРЕЯ;;;;01.01.2001;31.12.2099
227;227;646;RWF;ФРАНК РУАНДЫ;РУАНДА;;;;01.07.1995;31.12.2099
156;156;288;GHC;СЕДИ;ГАНА;;;;01.07.1995;15.11.2009
327;183;418;LAK;КИП;ЛАОССКАЯ НАРОДНО-ДЕМОКРАТИЧЕСКАЯ РЕСПУБЛИКА;;;;01.01.2003;30.11.2017
120;120;090;SBD;ДОЛЛАР СОЛОМОНОВЫХ ОСТРОВОВ;СОЛОМОНОВЫ ОСТРОВА;;;;01.07.1995;31.12.2002
411;300;943;MZN;МОЗАМБИКСКИЙ МЕТИКАЛ;МОЗАМБИК;;;;25.06.2012;31.12.2099
399;305;936;GHS;СЕДИ;ГАНА;;;;16.11.2009;24.06.2012
339;269;901;TWD;НОВЫЙ ТАЙВАНЬСКИЙ ДОЛЛАР;ТАЙВАНЬ (КИТАЙ);;;;01.01.2003;31.12.2099
427;136;188;CRC;КОСТА-РИКАНСКИЙ КОЛОН;КОСТА-РИКА;;;;10.08.2017;31.12.2099
154;154;270;GMD;ДАЛАСИ;ГАМБИЯ;;;;01.07.1995;31.12.2099
110;110;048;BHD;БАХРЕЙНСКИЙ ДИНАР;БАХРЕЙН;;;;01.07.1995;31.12.2099
116;116;064;BTN;НГУЛТРУМ;БУТАН;;;;01.07.1995;31.12.2099
332;231;690;SCR;СЕЙШЕЛЬСКАЯ РУПИЯ;СЕЙШЕЛЫ;;;;01.01.2003;31.12.2099
398;308;934;TMT;НОВЫЙ МАНАТ;ТУРКМЕНИЯ;;;;16.11.2009;24.06.2012
426;306;937;VEF;БОЛИВАР;ВЕНЕСУЭЛА (БОЛИВАРИАНСКАЯ РЕСПУБЛИКА);;;;01.08.2016;06.11.2018
132;132;156;CNY;КИТАЙСКИЙ ЮАНЬ;КИТАЙ;;;;01.07.1995;31.12.2000
191;191;446;MOP;ПАТАКА;МАКАО;;;;01.07.1995;31.12.2099
130;130;144;LKR;ШРИ-ЛАНКИЙСКАЯ РУПИЯ;ШРИ-ЛАНКА;;;;01.07.1995;09.08.2017
180;180;410;KRW;ВОНА;КОРЕЯ, РЕСПУБЛИКА;;;;01.07.1995;31.12.2099
255;255;800;UGS;УГАНДИЙСКИЙ ШИЛЛИНГ;УГАНДА;;;;01.07.1995;31.10.1999
307;103;020;ADP;АНДОРСКАЯ ПЕСЕТА;АНДОРРА;;;;01.07.2001;31.12.2003
336;260;834;TZS;ТАНЗАНИЙСКИЙ ШИЛЛИНГ;ТАНЗАНИЯ, ОБЪЕДИНЕННАЯ РЕСПУБЛИКА;;;;01.01.2003;31.12.2099
176;176;398;KZT;ТЕНГЕ (КАЗАХСКИЙ);КАЗАХСТАН;;;;01.07.1995;30.06.2001
324;138;191;HRK;ХОРВАТСКАЯ КУНА;ХОРВАТИЯ;;;;01.01.2003;06.09.2015
107;107;036;AUD;АВСТРАЛИЙСКИЙ ДОЛЛАР;"АВСТРАЛИЯ; КИРИБАТИ; КОКОСОВЫЕ (КИЛИНГ) ОСТРОВА; НАУРУ; НОРФОЛК, ОСТРОВ; ОСТРОВ РОЖДЕСТВА; ТУВАЛУ; ХЕРД И МАКДОНАЛЬД, ОСТРОВА";;;;01.07.1995;31.12.2002
293;283;975;BGN;БОЛГАРСКИЙ ЛЕВ;БОЛГАРИЯ;;;;01.01.2001;31.12.2099
264;264;862;VEB;БОЛИВАР;ВЕНЕСУЭЛА;;;;01.07.1995;06.09.2009
187;187;430;LRD;ЛИБЕРИЙСКИЙ ДОЛЛАР;ЛИБЕРИЯ;;;;01.07.1995;31.12.2099
164;164;344;HKD;ГОНКОНГСКИЙ ДОЛЛАР;ГОНКОНГ;;;;01.07.1995;31.12.2099
233;233;702;SGD;СИНГАПУРСКИЙ ДОЛЛАР;СИНГАПУР;;;;01.07.1995;31.12.2099
292;282;973;AOA;КВАНЗА;АНГОЛА;;;;01.01.2001;31.12.2099
121;121;096;BND;БРУНЕЙСКИЙ ДОЛЛАР;БРУНЕЙ ДАРУССАЛАМ;;;;01.07.1995;31.12.2002
357;253;792;TRL;СТАРАЯ ТУРЕЦКАЯ ЛИРА;ТУРЦИЯ;;;;01.01.2005;31.12.2006
220;220;608;PHP;ФИЛИППИНСКОЕ ПЕСО;ФИЛИППИНЫ;;;;01.07.1995;31.03.2018
433;220;608;PHP;ФИЛИППИНСКОЕ ПИСО;ФИЛИППИНЫ;;;;01.04.2018;06.11.2018
437;220;608;PHP;ФИЛИППИНСКОЕ ПЕСО;ФИЛИППИНЫ;;;;07.11.2018;31.12.2099
416;186;428;LVL;ЛАТВИЙСКИЙ ЛАТ;ЛАТВИЯ;;;;01.07.1995;31.12.2013
267;267;890;YUN;ЮГОСЛАВСКИЙ ДИНАР;ЮГОСЛАВИЯ;;;;01.07.1995;31.12.2000
291;281;276;DEM;НЕМЕЦКАЯ МАРКА;ГЕРМАНИЯ;;;;01.01.2001;31.12.2002
363;226;642;ROL;СТАРЫЙ РУМЫНСКИЙ ЛЕЙ;РУМЫНИЯ;;;;01.11.2005;31.12.2006
314;279;978;EUR;ЕВРО;"АВСТРИЯ; АНДОРРА; БЕЛЬГИЯ; ВАТИКАН, ГОРОД-ГОСУДАРСТВО; ГВАДЕЛУПА; ГЕРМАНИЯ; ГРЕЦИЯ; ИРЛАНДИЯ; ИСПАНИЯ; ИТАЛИЯ; ЛЮКСЕМБУРГ; МАРТИНИКА; МОНАКО; НИДЕРЛАНДЫ; ПОРТУГАЛИЯ; РЕЮНЬОН; САН-МАРИНО; СЕН-ПЬЕР И МИКЕЛОН; ФИНЛЯНДИЯ; ФРАНЦИЯ; ФРАНЦУЗСКАЯ ГВИАНА; ФРА";НЦУЗСКИЕ ЮЖНЫЕ ТЕРРИТОРИИ;;;01.01.2002;31.12.2002
224;224;626;TPE;ТИМОРСКОЕ ЭСКУДО;ВОСТОЧНЫЙ ТИМОР;;;;01.07.1995;31.05.2003
379;140;196;CYP;КИПРСКИЙ ФУНТ;КИПР;;;;01.01.2008;31.08.2008
318;109;044;BSD;БАГАМСКИЙ ДОЛЛАР;БАГАМЫ;;;;01.01.2003;31.12.2099
388;307;935;ZWR;ДОЛЛАР ЗИМБАБВЕ;ЗИМБАБВЕ;;;;01.08.2009;15.11.2009
242;242;740;SRG;СУРИНАМСКИЙ ГУЛЬДЕН;СУРИНАМ;;;;01.07.1995;29.02.2004
382;279;978;EUR;ЕВРО;"АВСТРИЯ; АНДОРРА; БЕЛЬГИЯ; ГВАДЕЛУПА; ГЕРМАНИЯ; ГРЕЦИЯ; ИРЛАНДИЯ; ИСПАНИЯ; ИТАЛИЯ; КИПР; ЛЮКСЕМБУРГ; МАЙОТТА; МАЛЬТА; МАРТИНИКА; МОНАКО; НИДЕРЛАНДЫ; ПАПСКИЙ ПРЕСТОЛ (ГОСУДАРСТВО - ГОРОД ВАТИКАН); ПОРТУГАЛИЯ; РЕЮНЬОН; САН-МАРИНО; СЕНТ-ПЬЕР И МИКЕЛОН;С";"ЛОВАКИЯ; СЛОВЕНИЯ; ФИНЛЯНДИЯ; ФРАНЦИЯ; ФРАНЦУЗСКАЯ ГВИАНА; ФРАНЦУЗСКИЕ ЮЖНЫЕ ТЕРРИТОРИИ; ЧЕРНОГОРИЯ";;;01.01.2009;06.09.2009
417;279;978;EUR;ЕВРО;"АВСТРИЯ; АНДОРРА; БЕЛЬГИЯ; ГВАДЕЛУПА; ГЕРМАНИЯ; ГРЕЦИЯ; ИРЛАНДИЯ; ИСПАНИЯ; ИТАЛИЯ; КИПР; ЛАТВИЯ; ЛЮКСЕМБУРГ; МАЙОТТА; МАЛЬТА; МАРТИНИКА; МОНАКО; НИДЕРЛАНДЫ; ПАПСКИЙ ПРЕСТОЛ (ГОСУДАРСТВО - ГОРОД ВАТИКАН); ПОРТУГАЛИЯ; РЕЮНЬОН; САН-МАРИНО; СЕН-БАРТЕЛЕМИ";"; СЕН-МАРТЕН (ФРАНЦУЗСКАЯ ЧАСТЬ); СЕНТ-ПЬЕР И МИКЕЛОН; СЛОВАКИЯ; СЛОВЕНИЯ; ФИНЛЯНДИЯ; ФРАНЦИЯ; ФРАНЦУЗСКАЯ ГВИАНА; ФРАНЦУЗСКИЕ ЮЖНЫЕ ТЕРРИТОРИИ; ЧЕРНОГОРИЯ; ЭЛАНДСКИЕ ОСТРОВА; ЭСТОНИЯ";;;01.01.2014;31.12.2014
395;175;392;JPY;ИЕНА;ЯПОНИЯ;;;;07.09.2009;31.12.2099
340;268;894;ZMK;КВАЧА;ЗАМБИЯ;;;;01.01.2003;06.09.2009
119;119;084;BZD;БЕЛИЗСКИЙ ДОЛЛАР;БЕЛИЗ;;;;01.07.1995;31.12.2099
113;113;052;BBD;БАРБАДОССКИЙ ДОЛЛАР;БАРБАДОС;;;;01.07.1995;31.12.2099
190;190;442;LUF;ЛЮКСЕМБУРГСКИЙ ФРАНК;ЛЮКСЕМБУРГ;;;;01.07.1995;31.12.2002
203;203;508;MZM;МЕТИКАЛ;МОЗАМБИК;;;;01.07.1995;29.11.2006
287;262;858;UYU;УРУГВАЙСКОЕ ПЕСО;УРУГВАЙ;;;;01.11.1999;31.12.2099
139;139;192;CUP;КУБИНСКОЕ ПЕСО;КУБА;;;;01.07.1995;31.12.2099
243;243;748;SZL;ЛИЛАНГЕНИ;СВАЗИЛЕНД;;;;01.07.1995;06.11.2018
122;122;100;BGL;ЛЕВ;БОЛГАРИЯ;;;;01.07.1995;31.12.2003
341;270;950;XAF;ФРАНК КФА ВЕАС;"ГАБОН; КАМЕРУН; КОНГО; ЦЕНТРАЛЬНО-АФРИКАНСКАЯ  РЕСПУБЛИКА; ЧАД; ЭКВАТОРИАЛЬНАЯ ГВИНЕЯ";;;;01.01.2003;31.12.2099
256;256;807;MKD;ДЕНАР;МАКЕДОНИЯ;;;;01.07.1995;30.06.2001
144;144;218;ECS;СУКРЕ;ЭКВАДОР;;;;01.07.1995;31.12.2002
280;138;191;HRK;ХОРВАТСКАЯ КУНА;ХОРВАТИЯ;;;;19.06.1997;31.10.1999
284;138;191;HRK;КУНА;ХОРВАТИЯ;;;;01.11.1999;31.12.2002
300;287;891;YUM;НОВЫЙ ДИНАР;ЮГОСЛАВИЯ;;;;01.01.2001;31.12.2002
338;287;891;YUM;ЮГОСЛАВСКИЙ ДИНАР;ЮГОСЛАВИЯ;;;;01.01.2003;31.12.2003
181;181;414;KWD;КУВЕЙТСКИЙ ДИНАР;"КУВЕЙТ; НЕЙТРАЛЬНАЯ ЗОНА МЕЖДУ САУДОВСКОЙ АРАВИЕЙ И ИРАКОМ";;;;01.07.1995;31.12.2000
173;173;380;ITL;ИТАЛЬЯНСКАЯ ЛИРА;"ВАТИКАН, ГОРОД-ГОСУДАРСТВО;  ИТАЛИЯ; САН-МАРИНО";;;;01.07.1995;31.12.2002
322;129;136;KYD;ДОЛЛАР ОСТРОВОВ КАЙМАН;ОСТРОВА КАЙМАН;;;;01.01.2003;31.12.2099
201;201;498;MDL;МОЛДАВСКИЙ ЛЕЙ;МОЛДОВА;;;;01.07.1995;31.12.2002
182;182;417;KGS;СОМ (КИРГИЗСКИЙ);КИРГИЗСТАН;;;;01.07.1995;30.06.2001
430;141;203;CZK;ЧЕШСКАЯ КРОНА;ЧЕХИЯ;;;;01.12.2017;31.12.2099
342;273;953;XPF;ФРАНК КФП;"НОВАЯ КАЛЕДОНИЯ; ФРАНЦУЗСКАЯ ПОЛИНЕЗИЯ; УОЛЛИС И ФУТУНА";;;;01.01.2003;31.12.2099
446;261;840;USD;ДОЛЛАР США;"АМЕРИКАНСКОЕ САМОА; БРИТАНСКАЯ ТЕРРИТОРИЯ В ИНДИЙСКОМ ОКЕАНЕ; БОНЭЙР, СИНТ-ЭСТАТИУС И САБА; ВИРГИНСКИЕ ОСТРОВА (БРИТАНСКИЕ); ВИРГИНСКИЕ ОСТРОВА (США); ГАИТИ; ГУАМ; МАЛЫЕ ТИХООКЕАНСКИЕ ОТДАЛЕННЫЕ ОСТРОВА СОЕДИНЕННЫХ ШТАТОВ; МАРШАЛЛОВЫ ОСТРОВА; МИКРОНЕ";"ЗИЯ (ФЕДЕРАТИВНЫЕ ШТАТЫ); ОСТРОВА ТЕРКС И КАЙКОС; ПАЛАУ; ПАНАМА; ПУЭРТО-РИКО; СЕВЕРНЫЕ МАРИАНСКИЕ ОСТРОВА; СОЕДИНЕННЫЕ ШТАТЫ АМЕРИКИ; ТИМОР-ЛЕСТЕ; ЭКВАДОР; ЭЛЬ-САЛЬВАДОР";;;01.08.2022;31.12.2099
404;261;840;USD;ДОЛЛАР США;"АМЕРИКАНСКОЕ САМОА; БРИТАНСКАЯ ТЕРРИТОРИЯ В ИНДИЙСКОМ ОКЕАНЕ; БОНЭЙР, СИНТ-ЭСТАТИУС И САБА; ВИРГИНСКИЕ ОСТРОВА (БРИТАНСКИЕ); ВИРГИНСКИЕ ОСТРОВА (США); ГАИТИ; ГУАМ; МАЛЫЕ ТИХООКЕАНСКИЕ ОТДАЛЕННЫЕ ОСТРОВА СОЕДИНЕННЫХ ШТАТОВ; МАРШАЛЛОВЫ ОСТРОВА; МИКРОНЕ";"ЗИЯ, ФЕДЕРАТИВНЫЕ ШТАТЫ; ОСТРОВА ТЕРКС И КАЙКОС; ПАЛАУ; ПАНАМА; ПУЭРТО-РИКО; СЕВЕРНЫЕ МАРИАНСКИЕ ОСТРОВА; СОЕДИНЕННЫЕ ШТАТЫ; ТИМОР-ЛЕСТЕ; ЭКВАДОР; ЭЛЬ-САЛЬВАДОР";;;01.07.2011;31.07.2022
387;307;935;ZWR;ДОЛЛАР ЗИМБАБВЕ;ЗИМБАБВЕ;;;;01.01.2009;31.07.2009
335;259;826;GBP;ФУНТ СТЕРЛИНГОВ;СОЕДИНЕННОЕ КОРОЛЕВСТВО;;;;01.01.2003;31.12.2099
225;225;634;QAR;КАТАРСКИЙ РИАЛ;КАТАР;;;;01.07.1995;31.12.2099
168;168;360;IDR;РУПИЯ;"ВОСТОЧНЫЙ ТИМОР; ИНДОНЕЗИЯ";;;;01.07.1995;31.12.2002
111;111;050;BDT;ТАКА;БАНГЛАДЕШ;;;;01.07.1995;31.12.2099
344;279;978;EUR;ЕВРО;"АВСТРИЯ; АНДОРРА; БЕЛЬГИЯ; ГВАДЕЛУПА; ГЕРМАНИЯ; ГРЕЦИЯ; ИРЛАНДИЯ; ИСПАНИЯ; ИТАЛИЯ; ЛЮКСЕМБУРГ; МАЙОТТА; МАРТИНИКА; МОНАКО; НИДЕРЛАНДЫ; ПАПСКИЙ ПРЕСТОЛ (ГОСУДАРСТВО - ГОРОД ВАТИКАН); ПОРТУГАЛИЯ; РЕЮНЬОН; САН-МАРИНО; СЕНТ-ПЬЕР И МИКЕЛОН; ФИНЛЯНДИЯ; ФРА";"НЦИЯ; ФРАНЦУЗСКАЯ ГВИАНА; ФРАНЦУЗСКИЕ ЮЖНЫЕ ТЕРРИТОРИИ";;;01.01.2003;31.12.2003
197;197;478;MRO;УГИЯ;МАВРИТАНИЯ;;;;01.07.1995;27.05.2018
189;189;440;LTL;ЛИТОВСКИЙ ЛИТ;ЛИТВА;;;;01.07.1995;31.12.2014
161;161;328;GYD;ГАЙАНСКИЙ ДОЛЛАР;ГАЙАНА;;;;01.07.1995;31.12.2099
257;257;810;RUR;РОССИЙСКИЙ РУБЛЬ;РОССИЯ;;;;01.07.1995;31.12.2003
429;134;174;KMF;КОМОРСКИЙ ФРАНК;КОМОРЫ;;;;01.12.2017;31.12.2099
373;303;941;RSD;СЕРБСКИЙ ДИНАР;СЕРБИЯ;;;;01.01.2007;31.12.2099
352;292;970;COU;ЕДИНИЦА РЕАЛЬНОЙ СТОИМОСТИ;КОЛУМБИЯ;;;;01.01.2004;31.12.2099
302;289;977;BAM;КОНВЕРТИРУЕМАЯ МАРКА;БОСНИЯ И ГЕРЦЕГОВИНА;;;;01.01.2001;31.12.2099
277;277;986;BRL;БРАЗИЛЬСКИЙ РЕАЛ;БРАЗИЛИЯ;;;;17.03.1997;31.12.2099
112;112;051;AMD;АРМЯНСКИЙ ДРАМ;АРМЕНИЯ;;;;17.03.1997;31.12.2099
235;235;704;VND;ДОНГ;ВЬЕТНАМ;;;;01.07.1995;31.12.2099
403;279;978;EUR;ЕВРО;"АВСТРИЯ; АНДОРРА; БЕЛЬГИЯ; ГВАДЕЛУПА; ГЕРМАНИЯ; ГРЕЦИЯ; ИРЛАНДИЯ; ИСЛАНДИЯ; ИСПАНИЯ; ИТАЛИЯ; КИПР; ЛЮКСЕМБУРГ; МАЙОТТА; МАЛЬТА; МАРТИНИКА; МОНАКО; НИДЕРЛАНДЫ; ПАПСКИЙ ПРЕСТОЛ (ГОСУДАРСТВО - ГОРОД ВАТИКАН); ПОРТУГАЛИЯ; РЕЮНЬОН; САН-МАРИНО; СЕН-БАРТЕЛЕ";"МИ; СЕН-МАРТЕН; СЕНТ-ПЬЕР И МИКЕЛОН; СЛОВАКИЯ; СЛОВЕНИЯ; ФИНЛЯНДИЯ; ФРАНЦИЯ; ФРАНЦУЗСКАЯ ГВИАНА; ФРАНЦУЗСКИЕ ЮЖНЫЕ ТЕРРИТОРИИ; ЧЕРНОГОРИЯ; ЭСТОНИЯ";;;01.01.2011;24.06.2012
386;309;931;CUC;КОНВЕРТИРУЕМОЕ ПЕСО;КУБА;;;;01.07.2009;31.12.2099
226;226;642;ROL;ЛЕЙ;РУМЫНИЯ;;;;01.07.1995;30.06.2005
114;114;056;BEF;БЕЛЬГИЙСКИЙ ФРАНК;БЕЛЬГИЯ;;;;01.07.1995;31.12.2002
397;295;949;TRY;ТУРЕЦКАЯ ЛИРА;ТУРЦИЯ;;;;15.01.2009;31.12.2099
296;172;376;ILS;НОВЫЙ ИЗРАИЛЬСКИЙ ШЕКЕЛЬ;ИЗРАИЛЬ;;;;01.01.2001;31.12.2099
202;202;504;MAD;МАРОККАНСКИЙ ДИРХАМ;"ЗАПАДНАЯ САХАРА; МАРОККО";;;;01.07.1995;31.12.2099
137;137;191;HRD;ХОРВАТСКИЙ ДИНАР;ХОРВАТИЯ;;;;01.07.1995;18.06.1997
152;152;262;DJF;ФРАНК ДЖИБУТИ;ДЖИБУТИ;;;;01.07.1995;31.12.2099
125;125;112;BYB;БЕЛОРУССКИЙ РУБЛЬ;БЕЛАРУСЬ;;;;17.03.1997;30.06.2001
423;313;933;BYN;БЕЛОРУССКИЙ РУБЛЬ;БЕЛАРУСЬ;;;;01.07.2016;31.12.2099
142;142;208;DKK;ДАТСКАЯ КРОНА;"ГРЕНЛАНДИЯ; ДАНИЯ; ФАРЕРСКИЕ ОСТРОВА";;;;01.07.1995;31.12.2099
204;204;512;OMR;ОМАНСКИЙ РИАЛ;ОМАН;;;;01.07.1995;31.12.2099
133;133;170;COP;КОЛУМБИЙСКОЕ ПЕСО;КОЛУМБИЯ;;;;01.07.1995;31.12.2099
394;279;978;EUR;ЕВРО;"АВСТРИЯ; АНДОРРА; БЕЛЬГИЯ; ГВАДЕЛУПА; ГЕРМАНИЯ; ГРЕЦИЯ; ИРЛАНДИЯ; ИСПАНИЯ; ИТАЛИЯ; КИПР; ЛЮКСЕМБУРГ; МАЙОТТА; МАЛЬТА; МАРТИНИКА; МОНАКО; НИДЕРЛАНДЫ; ПАПСКИЙ ПРЕСТОЛ (ГОСУДАРСТВО - ГОРОД ВАТИКАН); ПОРТУГАЛИЯ; РЕЮНЬОН; САН-МАРИНО; СЕН-БАРТЕЛЕМИ; СЕН-МА";"РТЕН; СЕНТ-ПЬЕР И МИКЕЛОН; СЛОВАКИЯ; СЛОВЕНИЯ; ФИНЛЯНДИЯ; ФРАНЦИЯ; ФРАНЦУЗСКАЯ ГВИАНА; ФРАНЦУЗСКИЕ ЮЖНЫЕ ТЕРРИТОРИИ; ЧЕРНОГОРИЯ";;;07.09.2009;15.11.2009
376;305;936;GHS;СЕДИ ГАНЫ;ГАНА;;;;17.09.2007;15.11.2009
175;175;392;JPY;ЙЕНА;ЯПОНИЯ;;;;01.07.1995;06.09.2009
408;188;434;LYD;ЛИВИЙСКИЙ ДИНАР;ЛИВИЯ;;;;25.06.2012;31.12.2099
140;140;196;CYP;КИПРСКИЙ ФУНТ;КИПР;;;;01.07.1995;31.12.2007
128;128;132;CVE;ЭСКУДО КАБО-ВЕРДЕ;КАБО-ВЕРДЕ;;;;01.07.1995;31.12.2099
236;236;705;SIT;ТОЛАР;СЛОВЕНИЯ;;;;01.07.1995;31.12.2006
301;288;972;TJS;СОМОНИ;ТАДЖИКИСТАН;;;;01.01.2001;31.12.2099
160;160;324;GNF;ГВИНЕЙСКИЙ ФРАНК;ГВИНЕЯ;;;;01.07.1995;31.12.2099
248;248;764;THB;БАТ;ТАИЛАНД;;;;01.07.1995;31.12.2099
351;291;969;MGA;АРИАРИ;МАДАГАСКАР;;;;01.01.2004;31.12.2004
396;132;156;CNY;ЮАНЬ;КИТАЙ;;;;07.09.2009;31.12.2099
214;214;578;NOK;НОРВЕЖСКАЯ КРОНА;"БУВЕ, ОСТРОВ; НОРВЕГИЯ; СВАЛЬБАРД И ЯН МАЙЕН, ОСТРОВА";;;;01.07.1995;31.12.2002
428;130;144;LKR;ШРИ-ЛАНКИЙСКАЯ РУПИЯ;ШРИ-ЛАНКА;;;;10.08.2017;31.12.2099
316;272;952;XOF;ФРАНК КФА ВСЕАО;"БЕНИН; БУРКИНА-ФАСО; ГВИНЕЯ-БИСАУ; КОТ Д'ИВУАР; МАЛИ; НИГЕР; СЕНЕГАЛ; ТОГО";;;;01.01.2001;31.12.2099
123;123;104;MMK;КЬЯТ;МЬЯНМА;;;;01.07.1995;31.12.2099
310;182;417;KGS;СОМ;КИРГИЗИЯ;;;;01.07.2001;31.12.2099
425;219;604;PEN;СОЛЬ;ПЕРУ;;;;01.08.2016;31.12.2099
245;245;756;CHF;ШВЕЙЦАРСКИЙ ФРАНК;"ЛИХТЕНШТЕЙН; ШВЕЙЦАРИЯ";;;;01.07.1995;31.12.2099
347;290;971;AFN;АФГАНИ;АФГАНИСТАН;;;;01.06.2003;31.12.2099
372;302;940;UYI;УРУГВАЙСКОЕ ПЕСО В ИНДЕКСИРОВАННЫХ ЕДИНИЦАХ;УРУГВАЙ;;;;01.01.2007;31.12.2099
249;249;776;TOP;ПААНГА;ТОНГА;;;;01.07.1995;31.12.2099
421;296;946;RON;РУМЫНСКИЙ ЛЕЙ;РУМЫНИЯ;;;;07.09.2015;31.12.2099
253;253;792;TRL;ТУРЕЦКАЯ ЛИРА;ТУРЦИЯ;;;;01.07.1995;31.12.2004
210;210;548;VUV;ВАТУ;ВАНУАТУ;;;;01.07.1995;31.12.2099
199;199;484;MXN;МЕКСИКАНСКОЕ НОВОЕ ПЕСО;МЕКСИКА;;;;01.07.1995;31.10.1999
424;193;454;MWK;МАЛАВИЙСКАЯ КВАЧА;МАЛАВИ;;;;01.08.2016;31.12.2099
389;310;932;ZWL;ДОЛЛАР ЗИМБАБВЕ;ЗИМБАБВЕ;;;;01.08.2009;31.12.2099
166;166;352;ISK;ИСЛАНДСКАЯ КРОНА;ИСЛАНДИЯ;;;;01.07.1995;31.12.2099
355;291;969;MGA;МАЛАГАСИЙСКИЙ АРИАРИ;МАДАГАСКАР;;;;01.01.2005;31.12.2099
193;193;454;MWK;КВАЧА (МАЛАВИЙСКАЯ);МАЛАВИ;;;;01.07.1995;30.06.2001
105;105;031;AZM;АЗЕРБАЙДЖАНСКИЙ МАНАТ;АЗЕРБАЙДЖАН;;;;17.03.1997;31.10.2005
358;295;949;TRY;НОВАЯ ТУРЕЦКАЯ ЛИРА;ТУРЦИЯ;;;;01.01.2005;14.01.2009
155;155;280;DEM;НЕМЕЦКАЯ МАРКА;ГЕРМАНИЯ;;;;01.07.1995;31.12.2000
218;218;600;PYG;ГУАРАНИ;ПАРАГВАЙ;;;;01.07.1995;31.12.2099
151;151;250;FRF;ФРАНЦУЗСКИЙ ФРАНК;"АНДОРРА; ГВАДЕЛУПА; МАРТИНИКА;  МОНАКО; РЕЮНЬОН; СЕН-ПЬЕР И МИКЕЛОН;  ФРАНЦИЯ; ФРАНЦУЗСКАЯ ГВИАНА; ФРАНЦУЗСКИЕ ЮЖНЫЕ ТЕРРИТОРИИ";;;;01.07.1995;31.12.2002
435;183;418;LAK;ЛАОССКИЙ КИП;ЛАОССКАЯ НАРОДНО-ДЕМОКРАТИЧЕСКАЯ РЕСПУБЛИКА;;;;20.08.2018;31.12.2099
222;222;620;PTE;ПОРТУГАЛЬСКОЕ ЭСКУДО;ПОРТУГАЛИЯ;;;;01.07.1995;31.12.2002
354;294;968;SRD;СУРИНАМСКИЙ ДОЛЛАР;СУРИНАМ;;;;01.03.2004;31.12.2099
158;158;300;GRD;ДРАХМА;ГРЕЦИЯ;;;;01.07.1995;31.12.2002
418;186;428;LVL;ЛАТВИЙСКИЙ ЛАТ;ЛАТВИЯ;;;;01.01.2014;31.12.2014
217;217;598;PGK;КИНА;ПАПУА-НОВАЯ ГВИНЕЯ;;;;01.07.1995;31.12.2099
282;279;978;EUR;ЕВРО;СТРАНЫ-УЧАСТНИЦЫ ЕВРОПЕЙСКОГО СОЮЗА;;;;01.01.1999;31.12.2001
171;171;372;IEP;ИРЛАНДСКИЙ ФУНТ;ИРЛАНДИЯ;;;;01.07.1995;31.12.2002
432;314;930;STN;ДОБРА;САН-ТОМЕ И ПРИНСИПИ;;;;01.04.2018;31.12.2099
237;237;706;SOS;СОМАЛИЙСКИЙ ШИЛЛИНГ;СОМАЛИ;;;;01.07.1995;31.12.2099
162;162;332;HTG;ГУРД;ГАИТИ;;;;01.07.1995;31.12.2099
367;300;943;MZN;МЕТИКАЛ;МОЗАМБИК;;;;30.11.2006;24.06.2012
230;230;682;SAR;САУДОВСКИЙ РИЯЛ;"САУДОВСКАЯ АРАВИЯ; НЕЙТРАЛЬНАЯ ЗОНА МЕЖДУ САУДОВСКОЙ АРАВИЕЙ И ИРАКОМ";;;;01.07.1995;31.12.2000
159;159;320;GTQ;КЕТСАЛЬ;ГВАТЕМАЛА;;;;01.07.1995;31.12.2099
195;195;462;MVR;РУФИЯ;МАЛЬДИВЫ;;;;01.07.1995;31.12.2099
223;223;624;GWP;ПЕСО ГВИНЕИ-БИСАУ;ГВИНЕЯ-БИСАУ;;;;01.07.1995;01.09.2010
377;306;937;VEF;БОЛИВАР ФУЭРТЕ;ВЕНЕСУЭЛА;;;;17.09.2007;06.09.2009
406;209;533;AWG;АРУБАНСКИЙ ФЛОРИН;АРУБА;;;;16.01.2012;31.12.2099
167;167;356;INR;ИНДИЙСКАЯ РУПИЯ;"БУТАН; ИНДИЯ";;;;01.07.1995;31.12.2099
252;252;788;TND;ТУНИССКИЙ ДИНАР;ТУНИС;;;;01.07.1995;31.12.2099
148;148;238;FKP;ФУНТ ФОЛКЛЕНДСКИХ ОСТРОВОВ;ФОЛКЛЕНДСКИЕ (МАЛЬВИНСКИЕ) ОСТРОВА;;;;01.07.1995;31.12.2002
381;179;408;KPW;СЕВЕРОКОРЕЙСКАЯ ВОНА;КОРЕЯ, НАРОДНО-ДЕМОКРАТИЧЕСКАЯ РЕСПУБЛИКА;;;;01.11.2008;31.12.2099
333;168;360;IDR;РУПИЯ;ИНДОНЕЗИЯ;;;;01.01.2003;31.12.2099
141;141;203;CZK;ЧЕШСКАЯ КРОНА;ЧЕШСКАЯ РЕСПУБЛИКА;;;;01.07.1995;30.11.2017
384;308;934;TMT;НОВЫЙ ТУРКМЕНСКИЙ МАНАТ;ТУРКМЕНИЯ;;;;01.01.2009;15.11.2009
413;308;934;TMT;НОВЫЙ ТУРКМЕНСКИЙ МАНАТ;ТУРКМЕНИЯ;;;;25.06.2012;31.12.2099
196;196;470;MTL;МАЛЬТИЙСКАЯ ЛИРА;МАЛЬТА;;;;01.07.1995;31.12.2007
366;299;942;ZWN;НОВЫЙ ДОЛЛАР ЗИМБАБВЕ;ЗИМБАБВЕ;;;;21.08.2006;29.11.2006
274;274;954;XEU;ЭКЮ (ЕДИНИЦА ЕВРОПЕЙСКОЙ ВАЛЮТЫ);ЕВРОПЕЙСКИЙ ФОНД ФИНАНСОВОГО СОТРУДНИЧЕСТВА;;;;01.07.1995;31.12.2000
330;214;578;NOK;НОРВЕЖСКАЯ КРОНА;"НОРВЕГИЯ; ОСТРОВ БУВЕ; ШПИЦБЕРГЕН И ЯН МАЙЕН";;;;01.01.2003;31.12.2099
313;256;807;MKD;ДИНАР;МАКЕДОНИЯ;;;;01.07.2001;31.12.2002
